name,company,joiningdate
Stella Walker,Non LLC,9/8/2022
Jena Woodward,Semper Pretium LLC,8/19/2021
Jenna Maldonado,Metus Corp.,1/19/2022
Felicia Mercado,Etiam Bibendum Fermentum Industries,5/19/2023
Alden Berg,Semper Associates,12/9/2020
Brennan Kemp,Felis Adipiscing Industries,6/29/2021
Nasim Mathews,Cursus In Ltd,1/28/2021
Reagan Hall,Magna Foundation,4/13/2023
Leandra Berg,Pede Praesent LLC,10/26/2021
Delilah Coleman,Augue Eu Limited,12/26/2021
Moana Oliver,Pretium Aliquet Metus Associates,12/16/2022
Stella Klein,Luctus Incorporated,6/4/2023
Vance Moss,Vestibulum Limited,11/17/2021
Keely Carrillo,Vel Arcu Institute,1/5/2022
Vernon Rush,Amet Orci Ut Institute,4/18/2022
Malik Kim,Dolor Egestas Corporation,4/12/2023
Ali Sweet,Vivamus Ltd,1/2/2022
Carlos Britt,Sed Corporation,8/9/2022
Ralph Johnston,Quisque Imperdiet Consulting,5/5/2023
Sean Diaz,Consectetuer Mauris PC,3/19/2021
